keyword,date,video_mentions,top_channels
beksul,2025-08-28,0,
beksul,2025-08-29,0,
beksul,2025-08-30,0,
beksul,2025-08-31,0,
beksul,2025-09-01,0,
beksul,2025-09-02,0,
beksul,2025-09-03,0,
bibigo,2025-08-28,6,Nicole Hoang;No Menu Cooking;ProHyperSpace02
bibigo,2025-08-29,4,BapTable;Thyâ€™s Cozy Corner;CookieMoments ì¿ í‚¤ëª¨ë¨¼ì¸  
bibigo,2025-08-30,2,Sale Going On Now;bazachi. com
bibigo,2025-08-31,1,Eva å¨ƒå¨ƒ
bibigo,2025-09-01,4,ì¡°ìœ¨í‚¹;Tela Tv;Rayan Beauty Secret
bibigo,2025-09-02,4,BapTable;Piggy & DIY;Cherry Lady Style
bibigo,2025-09-03,0,
binggrae,2025-08-28,3,Strahd Creative
binggrae,2025-08-29,1,Strahd Creative
binggrae,2025-08-30,1,3C Huang
binggrae,2025-08-31,3,Fun with Eva / Food & Travel;_mlsvh;fitness home workout 
binggrae,2025-09-01,2,ĞĞ• ĞšĞ¡Ğ®Ğ¥Ğ Ğ˜ ĞĞ• ĞĞšĞ¡ĞĞĞ;Viwantstoknow
binggrae,2025-09-02,0,
binggrae,2025-09-03,0,
bristol farms,2025-08-28,0,
bristol farms,2025-08-29,0,
bristol farms,2025-08-30,0,
bristol farms,2025-08-31,0,
bristol farms,2025-09-01,1,Mrs. Coloma-Flores
bristol farms,2025-09-02,0,
bristol farms,2025-09-03,0,
buldak,2025-08-28,98,aimschia;KULU Eats;Moja Tasty ASMR
buldak,2025-08-29,92,nehirğ™š;BubbleğŸ§‹;irene kim ê¹€ì˜ˆë¦°
buldak,2025-08-30,70,DumDum;Anne farah Ù‚Ù†Ø§Ø© ÙØ±Ø­;Radz Kitchen ASMR
buldak,2025-08-31,51,Radz Kitchen ASMR;Bubble Maan;Keluarga Bapak Suhandi
buldak,2025-09-01,72,Radz Kitchen ASMR;Asoâ€™s Moments;í‘¸ë“œíƒ€ì„ Foodtime
buldak,2025-09-02,32,Tina's Yummy Eats;Chase Magnano;Omakase Club
buldak,2025-09-03,0,
chamisul,2025-08-28,0,
chamisul,2025-08-29,1,ìˆ˜ì´íŠ¸ Suite 
chamisul,2025-08-30,0,
chamisul,2025-08-31,0,
chamisul,2025-09-01,1,Blueming05
chamisul,2025-09-02,0,
chamisul,2025-09-03,0,
chapagetti,2025-08-28,2,Cixi;ì£¼ì•ˆìƒ Liquor Table (Bites & Booze)
chapagetti,2025-08-29,2,Chris Tran;ì¸ë•ì›ì•„ì¬
chapagetti,2025-08-30,3,TEEBeats;the Polaris of the Desert;ì€ì§€í
chapagetti,2025-08-31,3,AnnuSujanğŸ–¤;Life In Korea;Dot manâ€™s child
chapagetti,2025-09-01,2,à¸„à¸¸à¹‰à¸¡à¸„à¹ˆà¸²à¸—à¸¸à¸à¸à¸²à¸£à¹ƒà¸Šà¹‰à¸ˆà¹ˆà¸²à¸¢à¸œà¹ˆà¸²à¸™à¸£à¹‰à¸²à¸™à¸„à¹‰à¸²à¸­à¸­à¸™à¹„à¸¥à¸™à¹Œ;ë§›ì¦ ; JOYFUL FOOD
chapagetti,2025-09-02,2,ìš°ë¦¬ë“¤ë§Œì˜ë¦¬ê·¸;Radhika Mathur
chapagetti,2025-09-03,0,
chilsung,2025-08-28,0,
chilsung,2025-08-29,0,
chilsung,2025-08-30,0,
chilsung,2025-08-31,0,
chilsung,2025-09-01,0,
chilsung,2025-09-02,0,
chilsung,2025-09-03,0,
chum churum,2025-08-28,0,
chum churum,2025-08-29,0,
chum churum,2025-08-30,0,
chum churum,2025-08-31,0,
chum churum,2025-09-01,0,
chum churum,2025-09-02,0,
chum churum,2025-09-03,0,
chung jung one,2025-08-28,0,
chung jung one,2025-08-29,0,
chung jung one,2025-08-30,0,
chung jung one,2025-08-31,0,
chung jung one,2025-09-01,0,
chung jung one,2025-09-02,0,
chung jung one,2025-09-03,0,
daesang,2025-08-28,8,Youngatiny_4atz;@rzh.t;ãƒãƒ‹<3
daesang,2025-08-29,0,
daesang,2025-08-30,2,S-DRAGON;Noodle&Cat
daesang,2025-08-31,0,
daesang,2025-09-01,3,S-DRAGON;Cantik Shalzabillah;michellato
daesang,2025-09-02,1,S-DRAGON
daesang,2025-09-03,0,
dongwon tuna,2025-08-28,0,
dongwon tuna,2025-08-29,0,
dongwon tuna,2025-08-30,0,
dongwon tuna,2025-08-31,1,ë™ì›F&B(Dongwon)
dongwon tuna,2025-09-01,0,
dongwon tuna,2025-09-02,1,Global Pulse
dongwon tuna,2025-09-03,0,
emart,2025-08-28,6,BAKERS KOREA;NhÃ  Ä‘áº¹p Nguyá»…n CÆ°á»ng - BÃ¡n nhÃ  GÃ² Váº¥p - Tp HCM;TM TIME GOD FF
emart,2025-08-29,8,OpiniÃ³nFlash;Brijesh Meena;Má»›i GÃ² Váº¥p NhÃ 
emart,2025-08-30,11,An KhÃ¡nh;Erin Davidson;HÃ¹ng Pro
emart,2025-08-31,7,Erin Davidson;emre ak;Rishu Sharma
emart,2025-09-01,10,ë”°ë¼ì¡ì•„ê²½ì œ;Md Galib;Jeniffer Pilo
emart,2025-09-02,10,La Cocina Mesa Verde;Saeb Ahmed Shakil;LeMon Xiu
emart,2025-09-03,0,
haitai ice,2025-08-28,0,
haitai ice,2025-08-29,0,
haitai ice,2025-08-30,0,
haitai ice,2025-08-31,0,
haitai ice,2025-09-01,0,
haitai ice,2025-09-02,0,
haitai ice,2025-09-03,0,
havmor,2025-08-28,10,All Assam boy ;Reveal it ğŸ;angad dutta
havmor,2025-08-29,6,Abhishek Shukla;Sathishallinall;Karan Sodha
havmor,2025-08-30,5,Swaad Bharat ka;YogaGuruRaghuji;Satyaki Banerjee 3 
havmor,2025-08-31,4,ajay damani;vj vlogs;All Assam boy 
havmor,2025-09-01,4,MockTails Couple;glossy kitchen ;Sasmita's kitchen
havmor,2025-09-02,4,Havmor Ice Cream;Ranjana's View;glossy kitchen 
havmor,2025-09-03,0,
hetbahn,2025-08-28,0,
hetbahn,2025-08-29,0,
hetbahn,2025-08-30,0,
hetbahn,2025-08-31,0,
hetbahn,2025-09-01,0,
hetbahn,2025-09-02,0,
hetbahn,2025-09-03,0,
jin ramen,2025-08-28,7,K Trend Box;if_handameow;EMD888TV blog
jin ramen,2025-08-29,7,Jin Ramen by Otoki;food_injimin;Foodie cook Nishu
jin ramen,2025-08-30,5,Cath Official Vlog;Pyeoniverse;Jhope topic
jin ramen,2025-08-31,5,YUJÃ‰ (ìœ ì œ);Ayu Hapsari;AudRea Lorenzo TV
jin ramen,2025-09-01,6,Bri;Glow with Moona ğŸŒ™;Stephanie Jen (Teppy)
jin ramen,2025-09-02,4,Lozzawayne;DailyBlossom;K-Taste Kitchen
jin ramen,2025-09-03,0,
jinro,2025-08-28,3,Colour Satisfying ArtğŸ¨;ê³µë²„ì§€FatherGong;Emma
jinro,2025-08-29,1,Nyan91
jinro,2025-08-30,1,Inventos da ana
jinro,2025-08-31,1,maxime richard studio (animation)
jinro,2025-09-01,2,Fave Beer;The Beer Guide
jinro,2025-09-02,0,
jinro,2025-09-03,0,
jongga,2025-08-28,3,Nicole Hoang;badabiang rani;RollinJoint
jongga,2025-08-29,1,bazachi. com
jongga,2025-08-30,1,Noodle&Cat
jongga,2025-08-31,2,ê¶Œì˜;Life_H
jongga,2025-09-01,0,
jongga,2025-09-02,1,Burns Campbell
jongga,2025-09-03,0,
kanu coffee,2025-08-28,0,
kanu coffee,2025-08-29,0,
kanu coffee,2025-08-30,0,
kanu coffee,2025-08-31,0,
kanu coffee,2025-09-01,0,
kanu coffee,2025-09-02,1,inyoung.
kanu coffee,2025-09-03,0,
kooksoondang,2025-08-28,0,
kooksoondang,2025-08-29,0,
kooksoondang,2025-08-30,0,
kooksoondang,2025-08-31,0,
kooksoondang,2025-09-01,0,
kooksoondang,2025-09-02,0,
kooksoondang,2025-09-03,0,
kyochon,2025-08-28,2,Sky Jinsei no Tabi;ìŒë¹„SSANGBI
kyochon,2025-08-29,1,Kevin Patrick ì¼€ë¹ˆíŒ¨íŠ¸ë¦­
kyochon,2025-08-30,2,GG;Alda Havilah
kyochon,2025-08-31,3,Felicia Ngadiman;sarah hanifah;HuiRu xue
kyochon,2025-09-01,1,Oopsie Poopsie
kyochon,2025-09-02,0,
kyochon,2025-09-03,0,
lotte choco pie,2025-08-28,8,Aravind Gamer Yt ;pooja's diary ;qawrt vlogs 
lotte choco pie,2025-08-29,5,Anjali Cooking & Art ;cooking with adiba ;cookies and crunch
lotte choco pie,2025-08-30,12,Anjali Cooking & Art ;Shoaib Lollipops Unboxing ;@143 __ status8
lotte choco pie,2025-08-31,8,Lotte India;Tasty food with shova;Candy Creations 
lotte choco pie,2025-09-01,3,JAPAN TREATS; arts and cooking;Mohammad 
lotte choco pie,2025-09-02,3,Harinder Kaur Ladhar;Nida ki duniya ;viral trending Candy 
lotte choco pie,2025-09-03,0,
lotte mart,2025-08-28,6,LOTTE Mart ONLINE;LOTTE MART Vietnam;Há»‡ Thá»‘ng Xe MÃ¡y Há»“ng PhÃºc - ThiÃªn PhÃºc
lotte mart,2025-08-29,5,NhÃ  CÃ³ 3 Anh Em MÃ­a-Báº¯p-Náº¥m;Anarchist Cats;Há»‡ Thá»‘ng Xe MÃ¡y Há»“ng PhÃºc - ThiÃªn PhÃºc
lotte mart,2025-08-30,6,KOKO ASUN æ¥Š é“ ç´” ğŸ’;Teresiapara;DJ Travels
lotte mart,2025-08-31,1,Jess
lotte mart,2025-09-01,9,Niskala Avian putra abiwiksana;NhÃ  Äáº¥t Quang Minh BÃ¡n NhÃ  GÃ² Váº¥p - TÃ¢n BÃ¬nh.;Nguyá»…n Anh TÃº
lotte mart,2025-09-02,9,ê¹€Sunil;Chanzharirie Murka;finasharonn
lotte mart,2025-09-03,0,
maxim coffee,2025-08-28,0,
maxim coffee,2025-08-29,0,
maxim coffee,2025-08-30,0,
maxim coffee,2025-08-31,1,Buzzzz shorts
maxim coffee,2025-09-01,0,
maxim coffee,2025-09-02,0,
maxim coffee,2025-09-03,0,
melona,2025-08-28,2,Newborn Monkey 2025;Strahd Creative
melona,2025-08-29,1,Strahd Creative
melona,2025-08-30,5,lan turÅŸuhan rÄ±zzÄ±k var;Shubham Prajapati;BICOLANANG ALLEY
melona,2025-08-31,6,tm34k;Green Tile Social Club;JGS
melona,2025-09-01,4,Yusuf amp 1903;Rahul Kamat;ChariboPaper
melona,2025-09-02,3,AndrÃ© Santtos Junior ;FutureBot
melona,2025-09-03,0,
milkis,2025-08-28,1,â˜…ğ“œğ“²ğ“µğ“´ğ“²ğ“¼â˜…
milkis,2025-08-29,1,Energation GetrÃ¤nke aus aller Welt
milkis,2025-08-30,3,Ummati Spread love;Sonavith Media;Ğ”Ğ˜Ğ›Ğ¨ĞĞ” 21 ğŸ¥·ğŸ»
milkis,2025-08-31,0,
milkis,2025-09-01,3,â˜†Milkisâ˜†;â˜†Milkis â˜†;chillmart
milkis,2025-09-02,3,ASHKAN SHOW;ĞšĞ°Ñ€Ğ°Ğ¼ĞµĞ»ÑŒĞºĞ° ĞĞ»Ñ–Ğ²Ñ–Ñ;â˜…ğ“œğ“²ğ“µğ“´ğ“²ğ“¼â˜…
milkis,2025-09-03,0,
nasoya,2025-08-28,0,
nasoya,2025-08-29,0,
nasoya,2025-08-30,0,
nasoya,2025-08-31,0,
nasoya,2025-09-01,0,
nasoya,2025-09-02,0,
nasoya,2025-09-03,0,
neoguri,2025-08-28,4,K Trend Box;Cixi;tastyopen ì…ë§›ì—´ê¸°
neoguri,2025-08-29,1,ì„œìˆ˜ ASMR SEOSU
neoguri,2025-08-30,2,Mini ğŸ€;ì„œìˆ˜ ASMR SEOSU
neoguri,2025-08-31,1,JAMES
neoguri,2025-09-01,4,ğ“’ğ“¸ğ“¶ğ“»ğ“ªğ“­ğ“® ğ“ğ“»ğ“² ğŸ‡°ğŸ‡µ;queenzgranny;à¸„à¸¸à¹‰à¸¡à¸„à¹ˆà¸²à¸—à¸¸à¸à¸à¸²à¸£à¹ƒà¸Šà¹‰à¸ˆà¹ˆà¸²à¸¢à¸œà¹ˆà¸²à¸™à¸£à¹‰à¸²à¸™à¸„à¹‰à¸²à¸­à¸­à¸™à¹„à¸¥à¸™à¹Œ
neoguri,2025-09-02,3,Olivia Gali;[Soyoubi] ì†Œìœ ë¹„;í‘¸ë“œê°€ì´ Foodguy
neoguri,2025-09-03,0,
nongshim,2025-08-28,13,Gentle KIM[ì  í‹€í‚´];Vela;Variation Collector
nongshim,2025-08-29,10,Snack-K;Loleventvods - LoL Esports: VODs & Montages;Challenger LoL Replays & VODS
nongshim,2025-08-30,6,TEEBeats;Hoa-ASMR;Immy
nongshim,2025-08-31,11,Loleventvods - LoL Esports: VODs & Montages;Tram Wrap;Christiana M
nongshim,2025-09-01,11,à¸„à¸¸à¹‰à¸¡à¸„à¹ˆà¸²à¸—à¸¸à¸à¸à¸²à¸£à¹ƒà¸Šà¹‰à¸ˆà¹ˆà¸²à¸¢à¸œà¹ˆà¸²à¸™à¸£à¹‰à¸²à¸™à¸„à¹‰à¸²à¸­à¸­à¸™à¹„à¸¥à¸™à¹Œ;ayesha khan;KPop Demon Hunters Daily
nongshim,2025-09-02,12,FEBET Thá»ƒ Thao;NONGSHIM Malaysia;WATT Crazy Kyle's Cooking
nongshim,2025-09-03,1,Keshav vlogs
orion choco pie,2025-08-28,2,Little Candy World ;ëŸ­í‚¤ìŠ¤ì½”ë”© LuckyScoding
orion choco pie,2025-08-29,2,HÃ  Kiá»u ;Kids Shorts Review
orion choco pie,2025-08-30,0,
orion choco pie,2025-08-31,0,
orion choco pie,2025-09-01,0,
orion choco pie,2025-09-02,0,
orion choco pie,2025-09-03,0,
otoki,2025-08-28,1,Bls_bablu143
otoki,2025-08-29,2,It's Binh (Been) Reviewed & More;It's Binh (Been) Repaired & Everything Reviewed
otoki,2025-08-30,2,ë¹µë˜;ChocoPro wrestling
otoki,2025-08-31,3,3rd And Pearl;EnjoyWalking;Thomas Ruster
otoki,2025-09-01,2,Otoki Music ;ë¼ë©´ì •ë³µìí”¼í‚¤(ë¼ë©´ í‰ë¡ ê°€ ì§€ì˜ì¤€)
otoki,2025-09-02,1,ê¹€ì¬ì¸
otoki,2025-09-03,0,
ottogi,2025-08-28,3,Sarang_Bap ë°¥ì‚¬ë‘;í™©ë£¨ë‹ˆ;Freespirit
ottogi,2025-08-29,1,Appa's Diary
ottogi,2025-08-30,1,ì˜¤ëŠ˜ë¼ë©´ Today's Ramyeon
ottogi,2025-08-31,0,
ottogi,2025-09-01,1,í™©ë£¨ë‹ˆ
ottogi,2025-09-02,2,EIKEIKEAT;Diana Sesarin
ottogi,2025-09-03,0,
paik's coffee,2025-08-28,0,
paik's coffee,2025-08-29,0,
paik's coffee,2025-08-30,0,
paik's coffee,2025-08-31,0,
paik's coffee,2025-09-01,0,
paik's coffee,2025-09-02,0,
paik's coffee,2025-09-03,0,
pepero,2025-08-28,10,El lado izquierdo EspaÃ±a;CharrieTv;GirlWithLuv å°è©©
pepero,2025-08-29,14,CharrieTv;I Am Groot Analyzes & Moments;El lado izquierdo EspaÃ±a
pepero,2025-08-30,9,Hyunjin's Universe;amber(^o^);Its_putriğŸ’
pepero,2025-08-31,2,Alaina & Sophia ğŸ€;CharrieTv
pepero,2025-09-01,6,The Diya Diaries ;J. Saianshi;LDT talks
pepero,2025-09-02,3,Mr Boogie;Lu with seven;Foodbawl
pepero,2025-09-03,0,
plantspired,2025-08-28,0,
plantspired,2025-08-29,0,
plantspired,2025-08-30,0,
plantspired,2025-08-31,0,
plantspired,2025-09-01,1,HOME GARDEN AND FASHION 
plantspired,2025-09-02,0,
plantspired,2025-09-03,0,
pulmuone,2025-08-28,0,
pulmuone,2025-08-29,0,
pulmuone,2025-08-30,0,
pulmuone,2025-08-31,0,
pulmuone,2025-09-01,0,
pulmuone,2025-09-02,1,KhoiLaa -With me here
pulmuone,2025-09-03,0,
red baron,2025-08-28,19,AKIK BATU PERMATA 4.0;Jessica Harper;Chimnonso Asiegbu Rocks 1943
red baron,2025-08-29,8,Aaron's Trendy Eats;Fridays Chop Shop;Unboxin' Doxin
red baron,2025-08-30,19,shela gemstone;SpeedRipper19;KANG HAJI PERMATA 
red baron,2025-08-31,12,GigaWerts;KÎ£ĞŸ Æ¬Î‰Î£ Î£Æ¬;LancelotChan
red baron,2025-09-01,12,Blufftonite Video;Haomaru Games;History Inside
red baron,2025-09-02,7,Alice Goss Travel;MadHouse 3D Modeling;Major Tom
red baron,2025-09-03,0,
samlip,2025-08-28,0,
samlip,2025-08-29,1,C-StoreWorker
samlip,2025-08-30,0,
samlip,2025-08-31,1,C-StoreWorker
samlip,2025-09-01,0,
samlip,2025-09-02,0,
samlip,2025-09-03,0,
samyang,2025-08-28,64,ReetPete;MyungJa C;onlyoliver
samyang,2025-08-29,60,Study Nida; ğŸ³yumyumyanie;KakiShopee
samyang,2025-08-30,50,Odil_Operator7773;I love kittens and puppies;Elfie Studios
samyang,2025-08-31,45,Gaby Jovita;No Face Just Taste;ARA AND FAMILY
samyang,2025-09-01,51,Muthukumaran Camera;SceltaTop;araaa Adaradwizhafira
samyang,2025-09-02,61,I'ts Mixee;KONDOR-Hunter;Gaby Jovita
samyang,2025-09-03,0,
sempio,2025-08-28,4,GOSSIP ITALIA 24;IA DETECTIVE ITALIA;Scopri i segreti dei personaggi famosi
sempio,2025-08-29,9,Davide B;GOSSIP OGGI NEWS;Dentro il Gossip
sempio,2025-08-30,2,Scopri i segreti dei personaggi famosi;Dentro il Gossip
sempio,2025-08-31,1,Scopri i segreti dei personaggi famosi
sempio,2025-09-01,4,Storie & Cronaca;IL CANALE DEL LATO OSCURO;Sergio Spinnato
sempio,2025-09-02,6,Drama & Scoop;Delitti Insoluti;Scopri i segreti dei personaggi famosi
sempio,2025-09-03,0,
shin ramen,2025-08-28,11,Randy food;K Trend Box;Susanâ™¡
shin ramen,2025-08-29,14,Bubble Maan;Saha Family In London;NomNomMomz
shin ramen,2025-08-30,6,Immy;Mahnoor Lifestyle ;Randy food
shin ramen,2025-08-31,10,The Petite Mama;Vike~ASMR;06skfamily_vlogs
shin ramen,2025-09-01,9,ğ‘ğ‘’ğ‘ ğ‘¡â„ğ‘’ğ‘¡ğ‘–ğ‘_ğ‘ğ‘™ğ‘–ğ‘›ğ‘˜ ;Wana usa aha ;cookingbylynn
shin ramen,2025-09-02,9,irene kim ê¹€ì˜ˆë¦°;Tori;Simran Achari
shin ramen,2025-09-03,0,
shin ramyun,2025-08-28,17,Costco Stans;OG Hood Food Review ;RamenClub
shin ramyun,2025-08-29,13,JamesFoodandLife94;Coayu;Bubble Maan
shin ramyun,2025-08-30,8,Foodieries;MyJourney;Viral-Experiencer
shin ramyun,2025-08-31,11,Aliciaâ€™s Kitchenå®¶å¸¸å¿«æ‰‹èœ;Glitter_gun;Jhoya Vlog
shin ramyun,2025-09-01,14,ayesha khan;Supermercado Otugui;double_E
shin ramyun,2025-09-02,14,í™©ë£¨ë‹ˆ;í¬ë¡œìŠ¤ë³´ë”_ê²½ê³„ë¥¼ ë„˜ì–´;@el_aprendizz
shin ramyun,2025-09-03,0,
soon hari,2025-08-28,0,
soon hari,2025-08-29,0,
soon hari,2025-08-30,0,
soon hari,2025-08-31,1,Oneway
soon hari,2025-09-01,0,
soon hari,2025-09-02,0,
soon hari,2025-09-03,0,
starkist,2025-08-28,2,That's life;Chell Be Chell T.V.
starkist,2025-08-29,1,Hogs Fan 4 Life
starkist,2025-08-30,1,Fake Commercials Ent
starkist,2025-08-31,0,
starkist,2025-09-01,0,
starkist,2025-09-02,2,OnlineDealDigger;Dana Stiggers Ramsey
starkist,2025-09-03,0,
terra beer,2025-08-28,0,
terra beer,2025-08-29,0,
terra beer,2025-08-30,0,
terra beer,2025-08-31,0,
terra beer,2025-09-01,0,
terra beer,2025-09-02,0,
terra beer,2025-09-03,0,
toomba,2025-08-28,1,Sahiblive
toomba,2025-08-29,1,Vaishali Khurana ğŸŒ¹
toomba,2025-08-30,1,Mahnoor Lifestyle 
toomba,2025-08-31,0,
toomba,2025-09-01,2,Lucas Hittesdorf;ì•¼ ì‹ 
toomba,2025-09-02,0,
toomba,2025-09-03,0,
turtle chips,2025-08-28,1,JONNY BLITZ FOOD REVIEW
turtle chips,2025-08-29,0,
turtle chips,2025-08-30,4,X$akaSmerfderty;Andy Shen;Hiprockdiva
turtle chips,2025-08-31,0,
turtle chips,2025-09-01,1,Tom Wang
turtle chips,2025-09-02,1,Uncle Ed
turtle chips,2025-09-03,0,
